,Data_Name,Data,MinPts,pointlabel,clusters
0,ADNI_002_S_0619_MR_MPR__GradWarp__N3__Scaled_Br_20070717184209073_S25820_I68538.nii,"[[-42.54998398   0.           0.           0.        ]
 [-42.54998398   0.           0.           1.        ]
 [-42.54998398   0.           0.           2.        ]
 ...
 [-42.54998398 127.         127.         125.        ]
 [-42.54998398 127.         127.         126.        ]
 [-42.54998398 127.         127.         127.        ]]",200,[1 1 1 ... 1 1 1],"Counter({1: 2055133, -1: 41224, 0: 795})"
